{
  "version": "2024.2",
  "applications": [],
  "platforms": [
    {
      "name": "led_system"
    }
  ],
  "systems": [
    {
      "name": "led_system_control_system",
      "platform": "D:/xilinx_project/zync7000_test/Open_Source_IoT/2_Archive/test1/led_system/export/led_system/led_system.xpfm",
      "sysConfig": "led_system",
      "buildConfig": "Debug",
      "applications": [
        {
          "name": "led_system_control",
          "platform": "D:/xilinx_project/zync7000_test/Open_Source_IoT/2_Archive/test1/led_system/export/led_system/led_system.xpfm",
          "platformPath": "D:\\xilinx_project\\zync7000_test\\Open_Source_IoT\\2_Archive\\test1\\led_system\\export\\led_system",
          "sysConfig": "led_system",
          "domain": "standalone_domain",
          "system": "led_system_control_system"
        }
      ],
      "platformPath": "D:\\xilinx_project\\zync7000_test\\Open_Source_IoT\\2_Archive\\test1\\led_system\\export\\led_system"
    }
  ],
  "others": []
}